{
  "FileList" : {
    "transaction" : "FileList",
    "sampleCount" : 500,
    "errorCount" : 0,
    "errorPct" : 0.0,
    "meanResTime" : 1.7039999999999986,
    "medianResTime" : 1.0,
    "minResTime" : 0.0,
    "maxResTime" : 25.0,
    "pct1ResTime" : 2.0,
    "pct2ResTime" : 3.0,
    "pct3ResTime" : 9.0,
    "throughput" : 9.469158949302123,
    "receivedKBytesPerSec" : 1.9419173626498496,
    "sentKBytesPerSec" : 2.302559158570536
  },
  "Register" : {
    "transaction" : "Register",
    "sampleCount" : 50,
    "errorCount" : 0,
    "errorPct" : 0.0,
    "meanResTime" : 53.72000000000001,
    "medianResTime" : 2.0,
    "minResTime" : 1.0,
    "maxResTime" : 709.0,
    "pct1ResTime" : 309.2999999999995,
    "pct2ResTime" : 573.899999999999,
    "pct3ResTime" : 709.0,
    "throughput" : 10.741138560687434,
    "receivedKBytesPerSec" : 2.0129145408163263,
    "sentKBytesPerSec" : 2.716752819548872
  },
  "RecycleList" : {
    "transaction" : "RecycleList",
    "sampleCount" : 300,
    "errorCount" : 0,
    "errorPct" : 0.0,
    "meanResTime" : 2.1733333333333307,
    "medianResTime" : 1.0,
    "minResTime" : 1.0,
    "maxResTime" : 47.0,
    "pct1ResTime" : 2.0,
    "pct2ResTime" : 8.0,
    "pct3ResTime" : 12.980000000000018,
    "throughput" : 7.325291790789667,
    "receivedKBytesPerSec" : 1.5022571055330372,
    "sentKBytesPerSec" : 1.7454796845241
  },
  "Total" : {
    "transaction" : "Total",
    "sampleCount" : 2210,
    "errorCount" : 0,
    "errorPct" : 0.0,
    "meanResTime" : 572.6787330316749,
    "medianResTime" : 604.0,
    "minResTime" : 0.0,
    "maxResTime" : 1434.0,
    "pct1ResTime" : 1297.0,
    "pct2ResTime" : 1335.0,
    "pct3ResTime" : 1383.8899999999999,
    "throughput" : 40.73807812125569,
    "receivedKBytesPerSec" : 13.145025570747848,
    "sentKBytesPerSec" : 10.153484972073217
  },
  "Upload" : {
    "transaction" : "Upload",
    "sampleCount" : 30,
    "errorCount" : 0,
    "errorPct" : 0.0,
    "meanResTime" : 48.666666666666664,
    "medianResTime" : 55.5,
    "minResTime" : 16.0,
    "maxResTime" : 102.0,
    "pct1ResTime" : 81.80000000000001,
    "pct2ResTime" : 92.64999999999999,
    "pct3ResTime" : 102.0,
    "throughput" : 1.5976142294174034,
    "receivedKBytesPerSec" : 0.32763573064224094,
    "sentKBytesPerSec" : 1.7246120792949198
  },
  "Login" : {
    "transaction" : "Login",
    "sampleCount" : 1330,
    "errorCount" : 0,
    "errorPct" : 0.0,
    "meanResTime" : 947.3458646616524,
    "medianResTime" : 1043.0,
    "minResTime" : 1.0,
    "maxResTime" : 1434.0,
    "pct1ResTime" : 1328.0,
    "pct2ResTime" : 1350.0,
    "pct3ResTime" : 1389.69,
    "throughput" : 24.516580950800936,
    "receivedKBytesPerSec" : 9.834642689266161,
    "sentKBytesPerSec" : 5.764507179855849
  }
}