{
  "Browse" : {
    "transaction" : "Browse",
    "sampleCount" : 200,
    "errorCount" : 0,
    "errorPct" : 0.0,
    "meanResTime" : 1.7050000000000007,
    "medianResTime" : 2.0,
    "minResTime" : 1.0,
    "maxResTime" : 3.0,
    "pct1ResTime" : 2.0,
    "pct2ResTime" : 2.0,
    "pct3ResTime" : 3.0,
    "throughput" : 6.148737971531343,
    "receivedKBytesPerSec" : 1.2609716543179512,
    "sentKBytesPerSec" : 1.4951521044055707
  },
  "Total" : {
    "transaction" : "Total",
    "sampleCount" : 1000,
    "errorCount" : 0,
    "errorPct" : 0.0,
    "meanResTime" : 59.729999999999976,
    "medianResTime" : 2.0,
    "minResTime" : 1.0,
    "maxResTime" : 329.0,
    "pct1ResTime" : 305.0,
    "pct2ResTime" : 309.0,
    "pct3ResTime" : 315.99,
    "throughput" : 30.69650366823219,
    "receivedKBytesPerSec" : 7.442343332719403,
    "sentKBytesPerSec" : 12.53559475435123
  },
  "Recycle" : {
    "transaction" : "Recycle",
    "sampleCount" : 200,
    "errorCount" : 0,
    "errorPct" : 0.0,
    "meanResTime" : 1.270000000000001,
    "medianResTime" : 1.0,
    "minResTime" : 1.0,
    "maxResTime" : 2.0,
    "pct1ResTime" : 2.0,
    "pct2ResTime" : 2.0,
    "pct3ResTime" : 2.0,
    "throughput" : 6.148737971531343,
    "receivedKBytesPerSec" : 1.2609716543179512,
    "sentKBytesPerSec" : 1.465128969778953
  },
  "Upload" : {
    "transaction" : "Upload",
    "sampleCount" : 200,
    "errorCount" : 0,
    "errorPct" : 0.0,
    "meanResTime" : 16.77,
    "medianResTime" : 16.0,
    "minResTime" : 8.0,
    "maxResTime" : 28.0,
    "pct1ResTime" : 20.0,
    "pct2ResTime" : 21.0,
    "pct3ResTime" : 26.99000000000001,
    "throughput" : 6.145903755147194,
    "receivedKBytesPerSec" : 1.2603904185360457,
    "sentKBytesPerSec" : 6.62755295080204
  },
  "Login" : {
    "transaction" : "Login",
    "sampleCount" : 200,
    "errorCount" : 0,
    "errorPct" : 0.0,
    "meanResTime" : 277.7300000000001,
    "medianResTime" : 305.0,
    "minResTime" : 2.0,
    "maxResTime" : 329.0,
    "pct1ResTime" : 313.0,
    "pct2ResTime" : 315.95,
    "pct3ResTime" : 327.99,
    "throughput" : 6.143638262579099,
    "receivedKBytesPerSec" : 2.4078982229526322,
    "sentKBytesPerSec" : 1.4436050005375682
  },
  "Download" : {
    "transaction" : "Download",
    "sampleCount" : 200,
    "errorCount" : 0,
    "errorPct" : 0.0,
    "meanResTime" : 1.1749999999999994,
    "medianResTime" : 1.0,
    "minResTime" : 1.0,
    "maxResTime" : 2.0,
    "pct1ResTime" : 2.0,
    "pct2ResTime" : 2.0,
    "pct3ResTime" : 2.0,
    "throughput" : 6.148927012236365,
    "receivedKBytesPerSec" : 1.2610104224312857,
    "sentKBytesPerSec" : 1.5192173184529298
  }
}